index,captcha
0,nfqi
1,dajv
2,tqia
3,tzbw
4,lpnp
5,wwjz
6,hlpo
7,hesn
8,xejo
9,mtqw
10,swpl
11,bzkt
12,aacr
13,lrxo
14,mdhf
15,mlso
16,jjud
17,ello
18,niza
19,yuuc
20,tfpq
21,xfna
22,kiqe
23,fvjs
24,mcrh
25,cgrz
26,zqtu
27,ikfi
28,kiwg
29,mdsh
30,ogdh
31,soaw
32,pqxd
33,qtog
34,vzkx
35,cgbo
36,lbok
37,noss
38,rbkq
39,ydqb
40,ylhv
41,bdvw
42,npzl
43,ypva
44,ednj
45,derd
46,naaf
47,ujuv
48,jedk
49,rnst
50,qbuy
51,hkgx
52,buhn
53,thrf
54,kwjd
55,wojs
56,bwjb
57,yxta
58,vrsw
59,jqpx
60,tbzk
61,dtbo
62,qklj
63,yhah
64,dmvq
65,dnwk
66,zoqd
67,xeke
68,imko
69,idfc
70,gezi
71,ewyo
72,iczz
73,sjbo
74,zotr
75,ztal
76,ueab
77,tchf
78,wyvt
79,dwdi
80,rcqp
81,jtky
82,cgmg
83,ztbe
84,tgno
85,endx
86,ybne
87,pbfn
88,zlsx
89,cowp
90,hjjb
91,skym
92,ffdf
93,zybc
94,npaz
95,bark
96,rnss
97,ngob
98,lplt
99,xcaj
